x,y,location,type
16,512,Peterson,AFFF
17,510,Peterson,AFFF
17,511,Peterson,AFFF
17,512,Peterson,AFFF
17,513,Peterson,AFFF
17,514,Peterson,AFFF
18,510,Peterson,AFFF
18,511,Peterson,AFFF
18,512,Peterson,AFFF
18,513,Peterson,AFFF
18,514,Peterson,AFFF
19,510,Peterson,AFFF
19,511,Peterson,AFFF
19,512,Peterson,AFFF
19,513,Peterson,AFFF
19,514,Peterson,AFFF
20,510,Peterson,AFFF
20,511,Peterson,AFFF
20,512,Peterson,AFFF
20,513,Peterson,AFFF
20,514,Peterson,AFFF
21,510,Peterson,AFFF
21,511,Peterson,AFFF
21,512,Peterson,AFFF
21,513,Peterson,AFFF
21,514,Peterson,AFFF
81,517,Peterson,AFFF
82,517,Peterson,AFFF
83,517,Peterson,AFFF
83,518,Peterson,AFFF
84,551,Peterson,Golf
84,552,Peterson,Golf
84,553,Peterson,Golf
84,554,Peterson,Golf
84,555,Peterson,Golf
84,517,Peterson,AFFF
84,518,Peterson,AFFF
85,547,Peterson,Golf
85,548,Peterson,Golf
85,549,Peterson,Golf
85,550,Peterson,Golf
85,551,Peterson,Golf
85,552,Peterson,Golf
85,553,Peterson,Golf
85,554,Peterson,Golf
85,555,Peterson,Golf
85,517,Peterson,AFFF
86,544,Peterson,Golf
86,545,Peterson,Golf
86,546,Peterson,Golf
86,547,Peterson,Golf
86,548,Peterson,Golf
86,549,Peterson,Golf
86,550,Peterson,Golf
86,551,Peterson,Golf
86,552,Peterson,Golf
86,553,Peterson,Golf
86,554,Peterson,Golf
86,555,Peterson,Golf
86,556,Peterson,Golf
87,540,Peterson,Golf
87,541,Peterson,Golf
87,542,Peterson,Golf
87,543,Peterson,Golf
87,544,Peterson,Golf
87,545,Peterson,Golf
87,546,Peterson,Golf
87,547,Peterson,Golf
87,548,Peterson,Golf
87,549,Peterson,Golf
87,550,Peterson,Golf
87,551,Peterson,Golf
87,552,Peterson,Golf
87,553,Peterson,Golf
87,554,Peterson,Golf
87,555,Peterson,Golf
87,556,Peterson,Golf
88,536,Peterson,Golf
88,537,Peterson,Golf
88,538,Peterson,Golf
88,539,Peterson,Golf
88,540,Peterson,Golf
88,541,Peterson,Golf
88,542,Peterson,Golf
88,543,Peterson,Golf
88,544,Peterson,Golf
88,545,Peterson,Golf
88,546,Peterson,Golf
88,547,Peterson,Golf
88,548,Peterson,Golf
88,549,Peterson,Golf
88,550,Peterson,Golf
88,551,Peterson,Golf
88,552,Peterson,Golf
88,553,Peterson,Golf
88,554,Peterson,Golf
88,555,Peterson,Golf
88,556,Peterson,Golf
89,533,Peterson,Golf
89,534,Peterson,Golf
89,535,Peterson,Golf
89,536,Peterson,Golf
89,537,Peterson,Golf
89,538,Peterson,Golf
89,539,Peterson,Golf
89,540,Peterson,Golf
89,541,Peterson,Golf
89,542,Peterson,Golf
89,543,Peterson,Golf
89,544,Peterson,Golf
89,545,Peterson,Golf
89,546,Peterson,Golf
89,547,Peterson,Golf
89,548,Peterson,Golf
89,549,Peterson,Golf
89,550,Peterson,Golf
89,551,Peterson,Golf
89,552,Peterson,Golf
89,553,Peterson,Golf
89,554,Peterson,Golf
89,555,Peterson,Golf
89,556,Peterson,Golf
89,557,Peterson,Golf
90,529,Peterson,Golf
90,530,Peterson,Golf
90,531,Peterson,Golf
90,532,Peterson,Golf
90,533,Peterson,Golf
90,534,Peterson,Golf
90,535,Peterson,Golf
90,536,Peterson,Golf
90,537,Peterson,Golf
90,538,Peterson,Golf
90,539,Peterson,Golf
90,540,Peterson,Golf
90,541,Peterson,Golf
90,542,Peterson,Golf
90,543,Peterson,Golf
90,544,Peterson,Golf
90,545,Peterson,Golf
90,546,Peterson,Golf
90,547,Peterson,Golf
90,548,Peterson,Golf
90,549,Peterson,Golf
90,550,Peterson,Golf
90,551,Peterson,Golf
90,552,Peterson,Golf
90,553,Peterson,Golf
90,554,Peterson,Golf
90,555,Peterson,Golf
90,556,Peterson,Golf
90,557,Peterson,Golf
91,529,Peterson,Golf
91,530,Peterson,Golf
91,531,Peterson,Golf
91,532,Peterson,Golf
91,533,Peterson,Golf
91,534,Peterson,Golf
91,535,Peterson,Golf
91,536,Peterson,Golf
91,537,Peterson,Golf
91,538,Peterson,Golf
91,539,Peterson,Golf
91,540,Peterson,Golf
91,541,Peterson,Golf
91,542,Peterson,Golf
91,543,Peterson,Golf
91,544,Peterson,Golf
91,545,Peterson,Golf
91,546,Peterson,Golf
91,547,Peterson,Golf
91,548,Peterson,Golf
91,549,Peterson,Golf
91,550,Peterson,Golf
91,551,Peterson,Golf
91,552,Peterson,Golf
91,553,Peterson,Golf
91,554,Peterson,Golf
91,555,Peterson,Golf
91,556,Peterson,Golf
91,557,Peterson,Golf
92,529,Peterson,Golf
92,530,Peterson,Golf
92,531,Peterson,Golf
92,532,Peterson,Golf
92,533,Peterson,Golf
92,534,Peterson,Golf
92,535,Peterson,Golf
92,536,Peterson,Golf
92,537,Peterson,Golf
92,538,Peterson,Golf
92,539,Peterson,Golf
92,540,Peterson,Golf
92,541,Peterson,Golf
92,542,Peterson,Golf
92,543,Peterson,Golf
92,544,Peterson,Golf
92,545,Peterson,Golf
92,546,Peterson,Golf
92,547,Peterson,Golf
92,548,Peterson,Golf
92,549,Peterson,Golf
92,550,Peterson,Golf
92,551,Peterson,Golf
92,552,Peterson,Golf
92,553,Peterson,Golf
92,554,Peterson,Golf
92,555,Peterson,Golf
92,556,Peterson,Golf
92,557,Peterson,Golf
92,558,Peterson,Golf
93,529,Peterson,Golf
93,530,Peterson,Golf
93,531,Peterson,Golf
93,532,Peterson,Golf
93,533,Peterson,Golf
93,534,Peterson,Golf
93,535,Peterson,Golf
93,536,Peterson,Golf
93,537,Peterson,Golf
93,538,Peterson,Golf
93,539,Peterson,Golf
93,540,Peterson,Golf
93,541,Peterson,Golf
93,542,Peterson,Golf
93,543,Peterson,Golf
93,544,Peterson,Golf
93,545,Peterson,Golf
93,546,Peterson,Golf
93,547,Peterson,Golf
93,548,Peterson,Golf
93,549,Peterson,Golf
93,550,Peterson,Golf
93,551,Peterson,Golf
93,552,Peterson,Golf
93,553,Peterson,Golf
93,554,Peterson,Golf
93,555,Peterson,Golf
93,556,Peterson,Golf
93,557,Peterson,Golf
93,558,Peterson,Golf
94,529,Peterson,Golf
94,530,Peterson,Golf
94,531,Peterson,Golf
94,532,Peterson,Golf
94,533,Peterson,Golf
94,534,Peterson,Golf
94,535,Peterson,Golf
94,536,Peterson,Golf
94,537,Peterson,Golf
94,538,Peterson,Golf
94,539,Peterson,Golf
94,540,Peterson,Golf
94,541,Peterson,Golf
94,542,Peterson,Golf
94,543,Peterson,Golf
94,544,Peterson,Golf
94,545,Peterson,Golf
94,546,Peterson,Golf
94,547,Peterson,Golf
94,548,Peterson,Golf
94,549,Peterson,Golf
94,550,Peterson,Golf
94,551,Peterson,Golf
94,552,Peterson,Golf
94,553,Peterson,Golf
94,554,Peterson,Golf
94,555,Peterson,Golf
94,556,Peterson,Golf
94,557,Peterson,Golf
94,558,Peterson,Golf
95,530,Peterson,Golf
95,531,Peterson,Golf
95,532,Peterson,Golf
95,533,Peterson,Golf
95,534,Peterson,Golf
95,535,Peterson,Golf
95,536,Peterson,Golf
95,537,Peterson,Golf
95,538,Peterson,Golf
95,539,Peterson,Golf
95,540,Peterson,Golf
95,541,Peterson,Golf
95,542,Peterson,Golf
95,543,Peterson,Golf
95,544,Peterson,Golf
95,545,Peterson,Golf
95,546,Peterson,Golf
95,547,Peterson,Golf
95,548,Peterson,Golf
95,549,Peterson,Golf
95,550,Peterson,Golf
95,551,Peterson,Golf
95,552,Peterson,Golf
95,553,Peterson,Golf
95,554,Peterson,Golf
95,555,Peterson,Golf
95,556,Peterson,Golf
95,557,Peterson,Golf
96,530,Peterson,Golf
96,531,Peterson,Golf
96,532,Peterson,Golf
96,533,Peterson,Golf
96,534,Peterson,Golf
96,535,Peterson,Golf
96,536,Peterson,Golf
96,537,Peterson,Golf
96,538,Peterson,Golf
96,539,Peterson,Golf
96,540,Peterson,Golf
96,541,Peterson,Golf
96,542,Peterson,Golf
96,543,Peterson,Golf
96,544,Peterson,Golf
96,545,Peterson,Golf
96,546,Peterson,Golf
96,547,Peterson,Golf
96,548,Peterson,Golf
96,549,Peterson,Golf
96,550,Peterson,Golf
96,551,Peterson,Golf
96,552,Peterson,Golf
96,553,Peterson,Golf
96,554,Peterson,Golf
96,555,Peterson,Golf
96,556,Peterson,Golf
96,557,Peterson,Golf
97,530,Peterson,Golf
97,531,Peterson,Golf
97,532,Peterson,Golf
97,533,Peterson,Golf
97,534,Peterson,Golf
97,535,Peterson,Golf
97,536,Peterson,Golf
97,537,Peterson,Golf
97,538,Peterson,Golf
97,539,Peterson,Golf
97,540,Peterson,Golf
97,541,Peterson,Golf
97,542,Peterson,Golf
97,543,Peterson,Golf
97,544,Peterson,Golf
97,545,Peterson,Golf
97,546,Peterson,Golf
97,547,Peterson,Golf
97,548,Peterson,Golf
97,549,Peterson,Golf
97,550,Peterson,Golf
97,551,Peterson,Golf
97,552,Peterson,Golf
97,553,Peterson,Golf
97,554,Peterson,Golf
97,555,Peterson,Golf
97,556,Peterson,Golf
97,557,Peterson,Golf
98,530,Peterson,Golf
98,531,Peterson,Golf
98,532,Peterson,Golf
98,533,Peterson,Golf
98,534,Peterson,Golf
98,535,Peterson,Golf
98,536,Peterson,Golf
98,537,Peterson,Golf
98,538,Peterson,Golf
98,539,Peterson,Golf
98,540,Peterson,Golf
98,541,Peterson,Golf
98,542,Peterson,Golf
98,543,Peterson,Golf
98,544,Peterson,Golf
98,545,Peterson,Golf
98,546,Peterson,Golf
98,547,Peterson,Golf
98,548,Peterson,Golf
98,549,Peterson,Golf
98,550,Peterson,Golf
98,551,Peterson,Golf
98,552,Peterson,Golf
98,553,Peterson,Golf
98,554,Peterson,Golf
98,555,Peterson,Golf
98,556,Peterson,Golf
98,557,Peterson,Golf
99,531,Peterson,Golf
99,532,Peterson,Golf
99,533,Peterson,Golf
99,534,Peterson,Golf
99,535,Peterson,Golf
99,536,Peterson,Golf
99,537,Peterson,Golf
99,538,Peterson,Golf
99,539,Peterson,Golf
99,540,Peterson,Golf
99,541,Peterson,Golf
99,542,Peterson,Golf
99,543,Peterson,Golf
99,544,Peterson,Golf
99,545,Peterson,Golf
99,546,Peterson,Golf
99,547,Peterson,Golf
99,548,Peterson,Golf
99,549,Peterson,Golf
99,550,Peterson,Golf
99,551,Peterson,Golf
99,552,Peterson,Golf
99,553,Peterson,Golf
99,554,Peterson,Golf
99,555,Peterson,Golf
99,556,Peterson,Golf
99,557,Peterson,Golf
100,531,Peterson,Golf
100,532,Peterson,Golf
100,533,Peterson,Golf
100,534,Peterson,Golf
100,535,Peterson,Golf
100,536,Peterson,Golf
100,537,Peterson,Golf
100,538,Peterson,Golf
100,539,Peterson,Golf
100,540,Peterson,Golf
100,541,Peterson,Golf
100,542,Peterson,Golf
100,543,Peterson,Golf
100,544,Peterson,Golf
100,545,Peterson,Golf
100,546,Peterson,Golf
100,547,Peterson,Golf
100,548,Peterson,Golf
100,549,Peterson,Golf
100,550,Peterson,Golf
100,551,Peterson,Golf
100,552,Peterson,Golf
100,553,Peterson,Golf
100,554,Peterson,Golf
100,555,Peterson,Golf
100,556,Peterson,Golf
100,557,Peterson,Golf
101,531,Peterson,Golf
101,532,Peterson,Golf
101,533,Peterson,Golf
101,534,Peterson,Golf
101,535,Peterson,Golf
101,536,Peterson,Golf
101,537,Peterson,Golf
101,538,Peterson,Golf
101,539,Peterson,Golf
101,540,Peterson,Golf
101,541,Peterson,Golf
101,542,Peterson,Golf
101,543,Peterson,Golf
101,544,Peterson,Golf
101,545,Peterson,Golf
101,546,Peterson,Golf
101,547,Peterson,Golf
101,548,Peterson,Golf
101,549,Peterson,Golf
101,550,Peterson,Golf
101,551,Peterson,Golf
101,552,Peterson,Golf
101,553,Peterson,Golf
101,554,Peterson,Golf
101,555,Peterson,Golf
101,556,Peterson,Golf
101,557,Peterson,Golf
102,531,Peterson,Golf
102,532,Peterson,Golf
102,533,Peterson,Golf
102,534,Peterson,Golf
102,535,Peterson,Golf
102,536,Peterson,Golf
102,537,Peterson,Golf
102,538,Peterson,Golf
102,539,Peterson,Golf
102,540,Peterson,Golf
102,541,Peterson,Golf
102,542,Peterson,Golf
102,543,Peterson,Golf
102,544,Peterson,Golf
102,545,Peterson,Golf
102,546,Peterson,Golf
102,547,Peterson,Golf
102,548,Peterson,Golf
102,549,Peterson,Golf
102,550,Peterson,Golf
102,551,Peterson,Golf
102,552,Peterson,Golf
102,553,Peterson,Golf
102,554,Peterson,Golf
102,555,Peterson,Golf
102,556,Peterson,Golf
102,557,Peterson,Golf
103,532,Peterson,Golf
103,533,Peterson,Golf
103,534,Peterson,Golf
103,535,Peterson,Golf
103,536,Peterson,Golf
103,537,Peterson,Golf
103,538,Peterson,Golf
103,539,Peterson,Golf
103,540,Peterson,Golf
103,541,Peterson,Golf
103,542,Peterson,Golf
103,543,Peterson,Golf
103,544,Peterson,Golf
103,545,Peterson,Golf
103,546,Peterson,Golf
103,547,Peterson,Golf
103,548,Peterson,Golf
103,549,Peterson,Golf
103,550,Peterson,Golf
103,551,Peterson,Golf
103,552,Peterson,Golf
103,553,Peterson,Golf
103,554,Peterson,Golf
103,555,Peterson,Golf
103,556,Peterson,Golf
103,557,Peterson,Golf
104,532,Peterson,Golf
104,533,Peterson,Golf
104,534,Peterson,Golf
104,535,Peterson,Golf
104,536,Peterson,Golf
104,537,Peterson,Golf
104,538,Peterson,Golf
104,539,Peterson,Golf
104,540,Peterson,Golf
104,541,Peterson,Golf
104,542,Peterson,Golf
104,543,Peterson,Golf
104,544,Peterson,Golf
104,545,Peterson,Golf
104,546,Peterson,Golf
104,547,Peterson,Golf
104,548,Peterson,Golf
104,549,Peterson,Golf
104,550,Peterson,Golf
104,551,Peterson,Golf
104,552,Peterson,Golf
104,553,Peterson,Golf
104,554,Peterson,Golf
104,555,Peterson,Golf
104,556,Peterson,Golf
104,557,Peterson,Golf
105,532,Peterson,Golf
105,533,Peterson,Golf
105,534,Peterson,Golf
105,535,Peterson,Golf
105,536,Peterson,Golf
105,537,Peterson,Golf
105,538,Peterson,Golf
105,539,Peterson,Golf
105,540,Peterson,Golf
105,541,Peterson,Golf
105,542,Peterson,Golf
105,543,Peterson,Golf
105,544,Peterson,Golf
105,545,Peterson,Golf
105,546,Peterson,Golf
105,547,Peterson,Golf
105,548,Peterson,Golf
105,549,Peterson,Golf
105,550,Peterson,Golf
105,551,Peterson,Golf
105,552,Peterson,Golf
105,553,Peterson,Golf
105,554,Peterson,Golf
105,555,Peterson,Golf
105,556,Peterson,Golf
105,557,Peterson,Golf
106,532,Peterson,Golf
106,533,Peterson,Golf
106,534,Peterson,Golf
106,535,Peterson,Golf
106,536,Peterson,Golf
106,537,Peterson,Golf
106,538,Peterson,Golf
106,539,Peterson,Golf
106,540,Peterson,Golf
106,541,Peterson,Golf
106,542,Peterson,Golf
106,543,Peterson,Golf
106,544,Peterson,Golf
106,545,Peterson,Golf
106,546,Peterson,Golf
106,547,Peterson,Golf
106,548,Peterson,Golf
106,549,Peterson,Golf
106,550,Peterson,Golf
106,551,Peterson,Golf
106,552,Peterson,Golf
106,553,Peterson,Golf
106,554,Peterson,Golf
106,555,Peterson,Golf
106,556,Peterson,Golf
106,557,Peterson,Golf
107,533,Peterson,Golf
107,534,Peterson,Golf
107,535,Peterson,Golf
107,536,Peterson,Golf
107,537,Peterson,Golf
107,538,Peterson,Golf
107,539,Peterson,Golf
107,540,Peterson,Golf
107,541,Peterson,Golf
107,542,Peterson,Golf
107,543,Peterson,Golf
107,544,Peterson,Golf
107,545,Peterson,Golf
107,546,Peterson,Golf
107,547,Peterson,Golf
107,548,Peterson,Golf
107,549,Peterson,Golf
107,550,Peterson,Golf
107,551,Peterson,Golf
107,552,Peterson,Golf
107,553,Peterson,Golf
107,554,Peterson,Golf
107,555,Peterson,Golf
107,556,Peterson,Golf
107,557,Peterson,Golf
108,533,Peterson,Golf
108,534,Peterson,Golf
108,535,Peterson,Golf
108,536,Peterson,Golf
108,537,Peterson,Golf
108,538,Peterson,Golf
108,539,Peterson,Golf
108,540,Peterson,Golf
108,541,Peterson,Golf
108,542,Peterson,Golf
108,543,Peterson,Golf
108,544,Peterson,Golf
108,545,Peterson,Golf
108,546,Peterson,Golf
108,547,Peterson,Golf
108,548,Peterson,Golf
108,549,Peterson,Golf
108,550,Peterson,Golf
108,551,Peterson,Golf
108,552,Peterson,Golf
108,553,Peterson,Golf
108,554,Peterson,Golf
108,555,Peterson,Golf
108,556,Peterson,Golf
108,557,Peterson,Golf
109,533,Peterson,Golf
109,534,Peterson,Golf
109,535,Peterson,Golf
109,536,Peterson,Golf
109,537,Peterson,Golf
109,538,Peterson,Golf
109,539,Peterson,Golf
109,540,Peterson,Golf
109,541,Peterson,Golf
109,542,Peterson,Golf
109,543,Peterson,Golf
109,544,Peterson,Golf
109,545,Peterson,Golf
109,546,Peterson,Golf
109,547,Peterson,Golf
109,548,Peterson,Golf
109,549,Peterson,Golf
109,550,Peterson,Golf
109,551,Peterson,Golf
109,552,Peterson,Golf
109,553,Peterson,Golf
109,554,Peterson,Golf
109,555,Peterson,Golf
109,556,Peterson,Golf
109,557,Peterson,Golf
110,533,Peterson,Golf
110,534,Peterson,Golf
110,535,Peterson,Golf
110,536,Peterson,Golf
110,537,Peterson,Golf
110,538,Peterson,Golf
110,539,Peterson,Golf
110,540,Peterson,Golf
110,541,Peterson,Golf
110,542,Peterson,Golf
110,543,Peterson,Golf
110,544,Peterson,Golf
110,545,Peterson,Golf
110,546,Peterson,Golf
110,547,Peterson,Golf
110,548,Peterson,Golf
110,549,Peterson,Golf
110,550,Peterson,Golf
110,551,Peterson,Golf
110,552,Peterson,Golf
110,553,Peterson,Golf
110,554,Peterson,Golf
110,555,Peterson,Golf
110,556,Peterson,Golf
111,534,Peterson,Golf
111,535,Peterson,Golf
111,536,Peterson,Golf
111,537,Peterson,Golf
111,538,Peterson,Golf
111,539,Peterson,Golf
111,540,Peterson,Golf
111,541,Peterson,Golf
111,542,Peterson,Golf
111,543,Peterson,Golf
111,544,Peterson,Golf
111,545,Peterson,Golf
111,546,Peterson,Golf
111,547,Peterson,Golf
111,548,Peterson,Golf
111,549,Peterson,Golf
111,550,Peterson,Golf
111,551,Peterson,Golf
111,552,Peterson,Golf
111,553,Peterson,Golf
111,554,Peterson,Golf
111,555,Peterson,Golf
111,556,Peterson,Golf
112,534,Peterson,Golf
112,535,Peterson,Golf
112,536,Peterson,Golf
112,537,Peterson,Golf
112,538,Peterson,Golf
112,539,Peterson,Golf
112,540,Peterson,Golf
112,541,Peterson,Golf
112,542,Peterson,Golf
112,543,Peterson,Golf
112,544,Peterson,Golf
112,545,Peterson,Golf
112,546,Peterson,Golf
112,547,Peterson,Golf
112,548,Peterson,Golf
112,549,Peterson,Golf
112,550,Peterson,Golf
112,551,Peterson,Golf
112,552,Peterson,Golf
112,553,Peterson,Golf
112,554,Peterson,Golf
112,555,Peterson,Golf
112,556,Peterson,Golf
113,534,Peterson,Golf
113,535,Peterson,Golf
113,536,Peterson,Golf
113,537,Peterson,Golf
113,538,Peterson,Golf
113,539,Peterson,Golf
113,540,Peterson,Golf
113,541,Peterson,Golf
113,542,Peterson,Golf
113,543,Peterson,Golf
113,544,Peterson,Golf
113,545,Peterson,Golf
113,546,Peterson,Golf
113,547,Peterson,Golf
113,548,Peterson,Golf
113,549,Peterson,Golf
113,550,Peterson,Golf
113,551,Peterson,Golf
113,552,Peterson,Golf
113,553,Peterson,Golf
113,554,Peterson,Golf
113,555,Peterson,Golf
113,556,Peterson,Golf
114,532,Peterson,Golf
114,533,Peterson,Golf
114,534,Peterson,Golf
114,535,Peterson,Golf
114,536,Peterson,Golf
114,537,Peterson,Golf
114,538,Peterson,Golf
114,539,Peterson,Golf
114,540,Peterson,Golf
114,541,Peterson,Golf
114,542,Peterson,Golf
114,543,Peterson,Golf
114,544,Peterson,Golf
114,545,Peterson,Golf
114,546,Peterson,Golf
114,547,Peterson,Golf
114,548,Peterson,Golf
114,549,Peterson,Golf
114,550,Peterson,Golf
114,551,Peterson,Golf
114,552,Peterson,Golf
114,553,Peterson,Golf
114,554,Peterson,Golf
114,555,Peterson,Golf
114,556,Peterson,Golf
115,528,Peterson,Golf
115,529,Peterson,Golf
115,530,Peterson,Golf
115,531,Peterson,Golf
115,532,Peterson,Golf
115,533,Peterson,Golf
115,534,Peterson,Golf
115,535,Peterson,Golf
115,536,Peterson,Golf
115,537,Peterson,Golf
115,538,Peterson,Golf
115,539,Peterson,Golf
115,540,Peterson,Golf
115,541,Peterson,Golf
115,542,Peterson,Golf
115,543,Peterson,Golf
115,544,Peterson,Golf
115,545,Peterson,Golf
115,546,Peterson,Golf
115,547,Peterson,Golf
115,548,Peterson,Golf
115,549,Peterson,Golf
115,550,Peterson,Golf
115,551,Peterson,Golf
115,552,Peterson,Golf
115,553,Peterson,Golf
115,554,Peterson,Golf
115,555,Peterson,Golf
115,556,Peterson,Golf
116,527,Peterson,Golf
116,528,Peterson,Golf
116,529,Peterson,Golf
116,530,Peterson,Golf
116,531,Peterson,Golf
116,532,Peterson,Golf
116,533,Peterson,Golf
116,534,Peterson,Golf
116,535,Peterson,Golf
116,536,Peterson,Golf
116,537,Peterson,Golf
116,538,Peterson,Golf
116,539,Peterson,Golf
116,540,Peterson,Golf
116,541,Peterson,Golf
116,542,Peterson,Golf
116,543,Peterson,Golf
116,544,Peterson,Golf
116,545,Peterson,Golf
116,546,Peterson,Golf
116,547,Peterson,Golf
116,548,Peterson,Golf
116,549,Peterson,Golf
116,550,Peterson,Golf
116,551,Peterson,Golf
116,552,Peterson,Golf
116,553,Peterson,Golf
116,554,Peterson,Golf
116,555,Peterson,Golf
116,556,Peterson,Golf
117,527,Peterson,Golf
117,528,Peterson,Golf
117,529,Peterson,Golf
117,530,Peterson,Golf
117,531,Peterson,Golf
117,532,Peterson,Golf
117,533,Peterson,Golf
117,534,Peterson,Golf
117,535,Peterson,Golf
117,536,Peterson,Golf
117,537,Peterson,Golf
117,538,Peterson,Golf
117,539,Peterson,Golf
117,540,Peterson,Golf
117,541,Peterson,Golf
117,542,Peterson,Golf
117,543,Peterson,Golf
117,544,Peterson,Golf
117,545,Peterson,Golf
117,546,Peterson,Golf
117,547,Peterson,Golf
117,548,Peterson,Golf
117,549,Peterson,Golf
117,550,Peterson,Golf
117,551,Peterson,Golf
117,552,Peterson,Golf
117,553,Peterson,Golf
117,554,Peterson,Golf
117,555,Peterson,Golf
117,556,Peterson,Golf
118,528,Peterson,Golf
118,529,Peterson,Golf
118,530,Peterson,Golf
118,531,Peterson,Golf
118,532,Peterson,Golf
118,533,Peterson,Golf
118,534,Peterson,Golf
118,535,Peterson,Golf
118,536,Peterson,Golf
118,537,Peterson,Golf
118,538,Peterson,Golf
118,539,Peterson,Golf
118,540,Peterson,Golf
118,541,Peterson,Golf
118,542,Peterson,Golf
118,543,Peterson,Golf
118,544,Peterson,Golf
118,545,Peterson,Golf
118,546,Peterson,Golf
118,547,Peterson,Golf
118,548,Peterson,Golf
118,549,Peterson,Golf
118,550,Peterson,Golf
118,551,Peterson,Golf
118,552,Peterson,Golf
118,553,Peterson,Golf
118,554,Peterson,Golf
118,555,Peterson,Golf
118,556,Peterson,Golf
119,528,Peterson,Golf
119,529,Peterson,Golf
119,530,Peterson,Golf
119,531,Peterson,Golf
119,532,Peterson,Golf
119,533,Peterson,Golf
119,534,Peterson,Golf
119,535,Peterson,Golf
119,536,Peterson,Golf
119,537,Peterson,Golf
119,538,Peterson,Golf
119,539,Peterson,Golf
119,540,Peterson,Golf
119,541,Peterson,Golf
119,542,Peterson,Golf
119,543,Peterson,Golf
119,544,Peterson,Golf
119,545,Peterson,Golf
119,546,Peterson,Golf
119,547,Peterson,Golf
119,548,Peterson,Golf
119,549,Peterson,Golf
119,550,Peterson,Golf
119,551,Peterson,Golf
119,552,Peterson,Golf
119,553,Peterson,Golf
119,554,Peterson,Golf
119,555,Peterson,Golf
119,556,Peterson,Golf
120,528,Peterson,Golf
120,529,Peterson,Golf
120,530,Peterson,Golf
120,531,Peterson,Golf
120,532,Peterson,Golf
120,533,Peterson,Golf
120,534,Peterson,Golf
120,535,Peterson,Golf
120,536,Peterson,Golf
120,537,Peterson,Golf
120,538,Peterson,Golf
120,539,Peterson,Golf
120,540,Peterson,Golf
120,541,Peterson,Golf
120,542,Peterson,Golf
120,543,Peterson,Golf
120,544,Peterson,Golf
120,545,Peterson,Golf
120,546,Peterson,Golf
120,547,Peterson,Golf
120,548,Peterson,Golf
120,549,Peterson,Golf
120,550,Peterson,Golf
120,551,Peterson,Golf
120,552,Peterson,Golf
120,553,Peterson,Golf
120,554,Peterson,Golf
120,555,Peterson,Golf
120,556,Peterson,Golf
121,528,Peterson,Golf
121,529,Peterson,Golf
121,530,Peterson,Golf
121,531,Peterson,Golf
121,532,Peterson,Golf
121,533,Peterson,Golf
121,534,Peterson,Golf
121,535,Peterson,Golf
121,536,Peterson,Golf
121,537,Peterson,Golf
121,538,Peterson,Golf
121,539,Peterson,Golf
121,540,Peterson,Golf
121,541,Peterson,Golf
121,542,Peterson,Golf
121,543,Peterson,Golf
121,544,Peterson,Golf
121,545,Peterson,Golf
121,546,Peterson,Golf
121,547,Peterson,Golf
121,548,Peterson,Golf
121,549,Peterson,Golf
121,550,Peterson,Golf
121,551,Peterson,Golf
121,552,Peterson,Golf
121,553,Peterson,Golf
121,554,Peterson,Golf
121,555,Peterson,Golf
121,556,Peterson,Golf
122,528,Peterson,Golf
122,529,Peterson,Golf
122,530,Peterson,Golf
122,531,Peterson,Golf
122,532,Peterson,Golf
122,533,Peterson,Golf
122,534,Peterson,Golf
122,535,Peterson,Golf
122,536,Peterson,Golf
122,537,Peterson,Golf
122,538,Peterson,Golf
122,539,Peterson,Golf
122,540,Peterson,Golf
122,541,Peterson,Golf
122,542,Peterson,Golf
122,543,Peterson,Golf
122,544,Peterson,Golf
122,545,Peterson,Golf
122,546,Peterson,Golf
122,547,Peterson,Golf
122,548,Peterson,Golf
122,549,Peterson,Golf
122,550,Peterson,Golf
122,551,Peterson,Golf
122,552,Peterson,Golf
122,553,Peterson,Golf
122,554,Peterson,Golf
122,555,Peterson,Golf
122,556,Peterson,Golf
123,529,Peterson,Golf
123,530,Peterson,Golf
123,531,Peterson,Golf
123,532,Peterson,Golf
123,533,Peterson,Golf
123,534,Peterson,Golf
123,535,Peterson,Golf
123,536,Peterson,Golf
123,537,Peterson,Golf
123,538,Peterson,Golf
123,539,Peterson,Golf
123,540,Peterson,Golf
123,541,Peterson,Golf
123,542,Peterson,Golf
123,543,Peterson,Golf
123,544,Peterson,Golf
123,545,Peterson,Golf
123,546,Peterson,Golf
123,547,Peterson,Golf
123,548,Peterson,Golf
123,549,Peterson,Golf
123,550,Peterson,Golf
123,551,Peterson,Golf
123,552,Peterson,Golf
123,553,Peterson,Golf
123,554,Peterson,Golf
123,555,Peterson,Golf
123,556,Peterson,Golf
124,529,Peterson,Golf
124,530,Peterson,Golf
124,531,Peterson,Golf
124,532,Peterson,Golf
124,533,Peterson,Golf
124,534,Peterson,Golf
124,535,Peterson,Golf
124,536,Peterson,Golf
124,537,Peterson,Golf
124,538,Peterson,Golf
124,539,Peterson,Golf
124,540,Peterson,Golf
124,541,Peterson,Golf
124,542,Peterson,Golf
124,543,Peterson,Golf
124,544,Peterson,Golf
124,545,Peterson,Golf
124,546,Peterson,Golf
124,547,Peterson,Golf
124,548,Peterson,Golf
124,549,Peterson,Golf
124,550,Peterson,Golf
124,551,Peterson,Golf
124,552,Peterson,Golf
124,553,Peterson,Golf
124,554,Peterson,Golf
124,555,Peterson,Golf
125,529,Peterson,Golf
125,530,Peterson,Golf
125,531,Peterson,Golf
125,532,Peterson,Golf
125,533,Peterson,Golf
125,534,Peterson,Golf
125,535,Peterson,Golf
125,536,Peterson,Golf
125,537,Peterson,Golf
125,538,Peterson,Golf
125,539,Peterson,Golf
125,540,Peterson,Golf
125,541,Peterson,Golf
125,542,Peterson,Golf
125,543,Peterson,Golf
125,544,Peterson,Golf
125,545,Peterson,Golf
125,546,Peterson,Golf
125,547,Peterson,Golf
125,548,Peterson,Golf
125,549,Peterson,Golf
125,550,Peterson,Golf
125,551,Peterson,Golf
125,552,Peterson,Golf
125,553,Peterson,Golf
125,554,Peterson,Golf
125,555,Peterson,Golf
126,529,Peterson,Golf
126,530,Peterson,Golf
126,531,Peterson,Golf
126,532,Peterson,Golf
126,533,Peterson,Golf
126,534,Peterson,Golf
126,535,Peterson,Golf
126,536,Peterson,Golf
126,537,Peterson,Golf
126,538,Peterson,Golf
126,539,Peterson,Golf
126,540,Peterson,Golf
126,541,Peterson,Golf
126,542,Peterson,Golf
126,543,Peterson,Golf
126,544,Peterson,Golf
126,545,Peterson,Golf
126,546,Peterson,Golf
126,547,Peterson,Golf
126,548,Peterson,Golf
126,549,Peterson,Golf
126,550,Peterson,Golf
126,551,Peterson,Golf
126,552,Peterson,Golf
126,553,Peterson,Golf
126,554,Peterson,Golf
127,534,Peterson,Golf
127,529,Peterson,Golf
127,530,Peterson,Golf
127,531,Peterson,Golf
127,532,Peterson,Golf
127,533,Peterson,Golf
127,535,Peterson,Golf
127,536,Peterson,Golf
127,537,Peterson,Golf
127,538,Peterson,Golf
127,539,Peterson,Golf
127,540,Peterson,Golf
127,541,Peterson,Golf
127,542,Peterson,Golf
127,543,Peterson,Golf
127,544,Peterson,Golf
127,545,Peterson,Golf
127,546,Peterson,Golf
127,547,Peterson,Golf
127,548,Peterson,Golf
127,549,Peterson,Golf
127,550,Peterson,Golf
127,551,Peterson,Golf
127,552,Peterson,Golf
127,553,Peterson,Golf
127,554,Peterson,Golf
128,532,Peterson,Golf
128,533,Peterson,Golf
128,534,Peterson,Golf
128,535,Peterson,Golf
128,530,Peterson,Golf
128,531,Peterson,Golf
128,536,Peterson,Golf
128,537,Peterson,Golf
128,538,Peterson,Golf
128,539,Peterson,Golf
128,540,Peterson,Golf
128,541,Peterson,Golf
128,542,Peterson,Golf
128,543,Peterson,Golf
128,544,Peterson,Golf
128,545,Peterson,Golf
128,546,Peterson,Golf
128,547,Peterson,Golf
128,548,Peterson,Golf
128,549,Peterson,Golf
128,550,Peterson,Golf
128,551,Peterson,Golf
128,552,Peterson,Golf
128,553,Peterson,Golf
129,532,Peterson,Golf
129,533,Peterson,Golf
129,534,Peterson,Golf
129,535,Peterson,Golf
129,529,Peterson,Golf
129,530,Peterson,Golf
129,531,Peterson,Golf
129,536,Peterson,Golf
129,537,Peterson,Golf
129,538,Peterson,Golf
129,539,Peterson,Golf
129,540,Peterson,Golf
129,541,Peterson,Golf
129,542,Peterson,Golf
129,543,Peterson,Golf
129,544,Peterson,Golf
129,545,Peterson,Golf
129,546,Peterson,Golf
129,547,Peterson,Golf
129,548,Peterson,Golf
129,549,Peterson,Golf
129,550,Peterson,Golf
129,551,Peterson,Golf
129,552,Peterson,Golf
130,532,Peterson,Golf
130,533,Peterson,Golf
130,534,Peterson,Golf
130,535,Peterson,Golf
130,529,Peterson,Golf
130,530,Peterson,Golf
130,531,Peterson,Golf
130,536,Peterson,Golf
130,537,Peterson,Golf
130,538,Peterson,Golf
130,539,Peterson,Golf
130,540,Peterson,Golf
130,541,Peterson,Golf
130,542,Peterson,Golf
130,543,Peterson,Golf
130,544,Peterson,Golf
130,545,Peterson,Golf
130,546,Peterson,Golf
130,547,Peterson,Golf
130,548,Peterson,Golf
130,549,Peterson,Golf
130,550,Peterson,Golf
130,551,Peterson,Golf
130,552,Peterson,Golf
131,532,Peterson,Golf
131,533,Peterson,Golf
131,534,Peterson,Golf
131,535,Peterson,Golf
131,529,Peterson,Golf
131,530,Peterson,Golf
131,531,Peterson,Golf
131,536,Peterson,Golf
131,537,Peterson,Golf
131,538,Peterson,Golf
131,539,Peterson,Golf
131,540,Peterson,Golf
131,541,Peterson,Golf
131,542,Peterson,Golf
131,543,Peterson,Golf
131,544,Peterson,Golf
131,545,Peterson,Golf
131,546,Peterson,Golf
131,547,Peterson,Golf
131,548,Peterson,Golf
131,549,Peterson,Golf
131,550,Peterson,Golf
131,551,Peterson,Golf
132,533,Peterson,Golf
132,534,Peterson,Golf
132,535,Peterson,Golf
132,536,Peterson,Golf
132,529,Peterson,Golf
132,530,Peterson,Golf
132,531,Peterson,Golf
132,532,Peterson,Golf
132,537,Peterson,Golf
132,538,Peterson,Golf
132,539,Peterson,Golf
132,540,Peterson,Golf
132,541,Peterson,Golf
132,542,Peterson,Golf
132,543,Peterson,Golf
132,544,Peterson,Golf
132,545,Peterson,Golf
132,546,Peterson,Golf
132,547,Peterson,Golf
132,548,Peterson,Golf
132,549,Peterson,Golf
132,550,Peterson,Golf
132,551,Peterson,Golf
133,533,Peterson,Golf
133,534,Peterson,Golf
133,535,Peterson,Golf
133,536,Peterson,Golf
133,528,Peterson,Golf
133,529,Peterson,Golf
133,530,Peterson,Golf
133,531,Peterson,Golf
133,532,Peterson,Golf
133,537,Peterson,Golf
133,538,Peterson,Golf
133,539,Peterson,Golf
133,540,Peterson,Golf
133,541,Peterson,Golf
133,542,Peterson,Golf
133,543,Peterson,Golf
133,544,Peterson,Golf
133,545,Peterson,Golf
133,546,Peterson,Golf
133,547,Peterson,Golf
133,548,Peterson,Golf
133,549,Peterson,Golf
133,550,Peterson,Golf
134,533,Peterson,Golf
134,534,Peterson,Golf
134,535,Peterson,Golf
134,536,Peterson,Golf
134,529,Peterson,Golf
134,530,Peterson,Golf
134,531,Peterson,Golf
134,532,Peterson,Golf
134,537,Peterson,Golf
134,538,Peterson,Golf
134,539,Peterson,Golf
134,540,Peterson,Golf
134,541,Peterson,Golf
134,542,Peterson,Golf
134,543,Peterson,Golf
134,544,Peterson,Golf
134,545,Peterson,Golf
134,546,Peterson,Golf
134,547,Peterson,Golf
134,548,Peterson,Golf
134,549,Peterson,Golf
134,550,Peterson,Golf
135,533,Peterson,Golf
135,534,Peterson,Golf
135,535,Peterson,Golf
135,529,Peterson,Golf
135,530,Peterson,Golf
135,531,Peterson,Golf
135,532,Peterson,Golf
135,536,Peterson,Golf
135,537,Peterson,Golf
135,538,Peterson,Golf
135,539,Peterson,Golf
135,540,Peterson,Golf
135,541,Peterson,Golf
135,542,Peterson,Golf
135,543,Peterson,Golf
135,544,Peterson,Golf
135,545,Peterson,Golf
135,546,Peterson,Golf
135,547,Peterson,Golf
135,548,Peterson,Golf
135,549,Peterson,Golf
136,529,Peterson,Golf
136,530,Peterson,Golf
136,531,Peterson,Golf
136,532,Peterson,Golf
136,533,Peterson,Golf
136,534,Peterson,Golf
136,535,Peterson,Golf
136,536,Peterson,Golf
136,537,Peterson,Golf
136,538,Peterson,Golf
136,539,Peterson,Golf
136,540,Peterson,Golf
136,541,Peterson,Golf
136,542,Peterson,Golf
136,543,Peterson,Golf
136,544,Peterson,Golf
136,545,Peterson,Golf
136,546,Peterson,Golf
136,547,Peterson,Golf
136,548,Peterson,Golf
137,530,Peterson,Golf
137,531,Peterson,Golf
137,532,Peterson,Golf
137,533,Peterson,Golf
137,534,Peterson,Golf
137,535,Peterson,Golf
137,536,Peterson,Golf
137,537,Peterson,Golf
137,538,Peterson,Golf
137,539,Peterson,Golf
137,540,Peterson,Golf
137,541,Peterson,Golf
137,542,Peterson,Golf
137,543,Peterson,Golf
137,544,Peterson,Golf
137,545,Peterson,Golf
137,546,Peterson,Golf
137,547,Peterson,Golf
137,548,Peterson,Golf
138,530,Peterson,Golf
138,531,Peterson,Golf
138,532,Peterson,Golf
138,533,Peterson,Golf
138,534,Peterson,Golf
138,535,Peterson,Golf
138,536,Peterson,Golf
138,537,Peterson,Golf
138,538,Peterson,Golf
138,539,Peterson,Golf
138,540,Peterson,Golf
138,541,Peterson,Golf
138,542,Peterson,Golf
138,543,Peterson,Golf
138,544,Peterson,Golf
138,545,Peterson,Golf
138,546,Peterson,Golf
138,547,Peterson,Golf
139,530,Peterson,Golf
139,531,Peterson,Golf
139,532,Peterson,Golf
139,533,Peterson,Golf
139,534,Peterson,Golf
139,535,Peterson,Golf
139,536,Peterson,Golf
139,537,Peterson,Golf
139,538,Peterson,Golf
139,539,Peterson,Golf
139,540,Peterson,Golf
139,541,Peterson,Golf
139,542,Peterson,Golf
139,543,Peterson,Golf
139,544,Peterson,Golf
139,545,Peterson,Golf
139,546,Peterson,Golf
139,547,Peterson,Golf
139,525,Peterson,Golf
139,526,Peterson,Golf
139,527,Peterson,Golf
140,531,Peterson,Golf
140,532,Peterson,Golf
140,533,Peterson,Golf
140,534,Peterson,Golf
140,535,Peterson,Golf
140,536,Peterson,Golf
140,537,Peterson,Golf
140,538,Peterson,Golf
140,539,Peterson,Golf
140,540,Peterson,Golf
140,541,Peterson,Golf
140,542,Peterson,Golf
140,543,Peterson,Golf
140,544,Peterson,Golf
140,545,Peterson,Golf
140,546,Peterson,Golf
140,525,Peterson,Golf
140,526,Peterson,Golf
140,527,Peterson,Golf
140,528,Peterson,Golf
141,532,Peterson,Golf
141,533,Peterson,Golf
141,534,Peterson,Golf
141,535,Peterson,Golf
141,536,Peterson,Golf
141,537,Peterson,Golf
141,538,Peterson,Golf
141,539,Peterson,Golf
141,540,Peterson,Golf
141,541,Peterson,Golf
141,542,Peterson,Golf
141,543,Peterson,Golf
141,544,Peterson,Golf
141,545,Peterson,Golf
141,525,Peterson,Golf
141,526,Peterson,Golf
141,527,Peterson,Golf
141,528,Peterson,Golf
141,531,Peterson,Golf
142,532,Peterson,Golf
142,533,Peterson,Golf
142,534,Peterson,Golf
142,535,Peterson,Golf
142,536,Peterson,Golf
142,537,Peterson,Golf
142,538,Peterson,Golf
142,539,Peterson,Golf
142,540,Peterson,Golf
142,541,Peterson,Golf
142,542,Peterson,Golf
142,543,Peterson,Golf
142,544,Peterson,Golf
142,545,Peterson,Golf
142,526,Peterson,Golf
142,527,Peterson,Golf
142,528,Peterson,Golf
142,529,Peterson,Golf
143,533,Peterson,Golf
143,534,Peterson,Golf
143,535,Peterson,Golf
143,536,Peterson,Golf
143,537,Peterson,Golf
143,538,Peterson,Golf
143,539,Peterson,Golf
143,540,Peterson,Golf
143,541,Peterson,Golf
143,542,Peterson,Golf
143,543,Peterson,Golf
143,544,Peterson,Golf
143,526,Peterson,Golf
143,527,Peterson,Golf
143,528,Peterson,Golf
143,529,Peterson,Golf
143,532,Peterson,Golf
144,533,Peterson,Golf
144,534,Peterson,Golf
144,535,Peterson,Golf
144,536,Peterson,Golf
144,537,Peterson,Golf
144,538,Peterson,Golf
144,539,Peterson,Golf
144,540,Peterson,Golf
144,541,Peterson,Golf
144,542,Peterson,Golf
144,543,Peterson,Golf
144,544,Peterson,Golf
144,526,Peterson,Golf
144,527,Peterson,Golf
144,528,Peterson,Golf
144,529,Peterson,Golf
144,530,Peterson,Golf
145,534,Peterson,Golf
145,535,Peterson,Golf
145,536,Peterson,Golf
145,537,Peterson,Golf
145,538,Peterson,Golf
145,539,Peterson,Golf
145,540,Peterson,Golf
145,541,Peterson,Golf
145,542,Peterson,Golf
145,543,Peterson,Golf
145,527,Peterson,Golf
145,528,Peterson,Golf
145,529,Peterson,Golf
145,530,Peterson,Golf
146,523,Peterson,Golf
146,524,Peterson,Golf
146,525,Peterson,Golf
146,526,Peterson,Golf
146,527,Peterson,Golf
146,534,Peterson,Golf
146,535,Peterson,Golf
146,536,Peterson,Golf
146,537,Peterson,Golf
146,538,Peterson,Golf
146,539,Peterson,Golf
146,540,Peterson,Golf
146,541,Peterson,Golf
146,542,Peterson,Golf
146,543,Peterson,Golf
146,528,Peterson,Golf
146,529,Peterson,Golf
146,530,Peterson,Golf
146,531,Peterson,Golf
147,522,Peterson,Golf
147,523,Peterson,Golf
147,524,Peterson,Golf
147,525,Peterson,Golf
147,526,Peterson,Golf
147,527,Peterson,Golf
147,534,Peterson,Golf
147,535,Peterson,Golf
147,536,Peterson,Golf
147,537,Peterson,Golf
147,538,Peterson,Golf
147,539,Peterson,Golf
147,540,Peterson,Golf
147,541,Peterson,Golf
147,542,Peterson,Golf
147,528,Peterson,Golf
147,529,Peterson,Golf
147,530,Peterson,Golf
147,531,Peterson,Golf
148,522,Peterson,Golf
148,523,Peterson,Golf
148,524,Peterson,Golf
148,525,Peterson,Golf
148,526,Peterson,Golf
148,527,Peterson,Golf
148,534,Peterson,Golf
148,535,Peterson,Golf
148,536,Peterson,Golf
148,537,Peterson,Golf
148,538,Peterson,Golf
148,539,Peterson,Golf
148,540,Peterson,Golf
148,541,Peterson,Golf
148,528,Peterson,Golf
148,529,Peterson,Golf
148,530,Peterson,Golf
148,531,Peterson,Golf
149,522,Peterson,Golf
149,523,Peterson,Golf
149,524,Peterson,Golf
149,525,Peterson,Golf
149,526,Peterson,Golf
149,527,Peterson,Golf
149,534,Peterson,Golf
149,535,Peterson,Golf
149,536,Peterson,Golf
149,537,Peterson,Golf
149,538,Peterson,Golf
149,539,Peterson,Golf
149,540,Peterson,Golf
149,541,Peterson,Golf
149,528,Peterson,Golf
149,529,Peterson,Golf
149,530,Peterson,Golf
149,531,Peterson,Golf
150,522,Peterson,Golf
150,523,Peterson,Golf
150,524,Peterson,Golf
150,525,Peterson,Golf
150,526,Peterson,Golf
150,534,Peterson,Golf
150,535,Peterson,Golf
150,536,Peterson,Golf
150,537,Peterson,Golf
150,538,Peterson,Golf
150,539,Peterson,Golf
150,540,Peterson,Golf
150,528,Peterson,Golf
150,529,Peterson,Golf
150,530,Peterson,Golf
150,531,Peterson,Golf
151,521,Peterson,Golf
151,522,Peterson,Golf
151,523,Peterson,Golf
151,524,Peterson,Golf
151,525,Peterson,Golf
151,534,Peterson,Golf
151,535,Peterson,Golf
151,536,Peterson,Golf
151,537,Peterson,Golf
151,538,Peterson,Golf
151,539,Peterson,Golf
151,540,Peterson,Golf
151,528,Peterson,Golf
151,529,Peterson,Golf
151,530,Peterson,Golf
151,531,Peterson,Golf
152,522,Peterson,Golf
152,523,Peterson,Golf
152,524,Peterson,Golf
152,525,Peterson,Golf
152,534,Peterson,Golf
152,535,Peterson,Golf
152,536,Peterson,Golf
152,537,Peterson,Golf
152,538,Peterson,Golf
152,539,Peterson,Golf
152,529,Peterson,Golf
152,530,Peterson,Golf
152,531,Peterson,Golf
153,522,Peterson,Golf
153,523,Peterson,Golf
153,524,Peterson,Golf
153,532,Peterson,Golf
153,534,Peterson,Golf
153,535,Peterson,Golf
153,536,Peterson,Golf
153,537,Peterson,Golf
153,538,Peterson,Golf
153,529,Peterson,Golf
153,530,Peterson,Golf
154,522,Peterson,Golf
154,523,Peterson,Golf
154,524,Peterson,Golf
154,532,Peterson,Golf
154,533,Peterson,Golf
154,534,Peterson,Golf
155,523,Peterson,Golf
155,531,Peterson,Golf
155,532,Peterson,Golf
155,533,Peterson,Golf
155,534,Peterson,Golf
155,535,Peterson,Golf
155,536,Peterson,Golf
156,531,Peterson,Golf
156,532,Peterson,Golf
156,533,Peterson,Golf
156,534,Peterson,Golf
156,535,Peterson,Golf
156,536,Peterson,Golf
156,537,Peterson,Golf
157,530,Peterson,Golf
157,531,Peterson,Golf
157,532,Peterson,Golf
157,533,Peterson,Golf
157,534,Peterson,Golf
157,535,Peterson,Golf
157,536,Peterson,Golf
157,537,Peterson,Golf
158,529,Peterson,Golf
158,530,Peterson,Golf
158,531,Peterson,Golf
158,532,Peterson,Golf
158,533,Peterson,Golf
158,534,Peterson,Golf
158,535,Peterson,Golf
158,536,Peterson,Golf
159,529,Peterson,Golf
159,530,Peterson,Golf
159,531,Peterson,Golf
159,532,Peterson,Golf
159,533,Peterson,Golf
159,534,Peterson,Golf
159,535,Peterson,Golf
159,536,Peterson,Golf
160,530,Peterson,Golf
160,531,Peterson,Golf
160,532,Peterson,Golf
160,533,Peterson,Golf
160,534,Peterson,Golf
160,535,Peterson,Golf
161,532,Peterson,Golf
161,533,Peterson,Golf
161,534,Peterson,Golf
161,535,Peterson,Golf
162,533,Peterson,Golf
162,534,Peterson,Golf
189,572,Peterson,AFFF
190,571,Peterson,AFFF
190,572,Peterson,AFFF
190,573,Peterson,AFFF
190,574,Peterson,AFFF
191,570,Peterson,AFFF
191,571,Peterson,AFFF
191,572,Peterson,AFFF
191,573,Peterson,AFFF
191,574,Peterson,AFFF
192,570,Peterson,AFFF
192,571,Peterson,AFFF
192,572,Peterson,AFFF
192,573,Peterson,AFFF
193,571,Peterson,AFFF
193,572,Peterson,AFFF
